LEANDRO SOARES DOS SANTOS, LEANDRO SOARES DOS SANTOS - SENAI - Nova Mutum/MT, LEANDRO, SOARES DOS SANTOS, 00909192, 00909192@alunosenai.mt, 1234567891011, SENAI - Nova Mutum/MT, Criado por Jeferson Silva, OU=QUA.415.089 ASSISTENTE DE RECURSOS HUMANOS COM INFORM햀ICA,OU=CURSOS,OU=SENAINMT,OU=SENAI,OU=SFIEMT-EDU,DC=SESISENAIMT,DC=EDU, 9192
LEANDRO SOARES DOS SANTOS, LEANDRO SOARES DOS SANTOS - SENAI - Nova Mutum/MT, LEANDRO, SOARES DOS SANTOS, 00909192, 00909192@alunosenai.mt, 1234567891011, SENAI - Nova Mutum/MT, Criado por Jeferson Silva, OU=QUA.415.089 ASSISTENTE DE RECURSOS HUMANOS COM INFORM햀ICA,OU=CURSOS,OU=SENAINMT,OU=SENAI,OU=SFIEMT-EDU,DC=SESISENAIMT,DC=EDU, 9192
LEANDRO SOARES DOS SANTOS, LEANDRO SOARES DOS SANTOS - SENAI - Nova Mutum/MT, LEANDRO, SOARES DOS SANTOS, 00909192, 00909192@alunosenai.mt, 1234567891011, SENAI - Nova Mutum/MT, Criado por Jeferson Silva, OU=QUA.415.089 ASSISTENTE DE RECURSOS HUMANOS COM INFORM햀ICA,OU=CURSOS,OU=SENAINMT,OU=SENAI,OU=SFIEMT-EDU,DC=SESISENAIMT,DC=EDU, 9192
LEANDRO SOARES DOS SANTOS, LEANDRO SOARES DOS SANTOS - SENAI - Nova Mutum/MT, LEANDRO, SOARES DOS SANTOS, 00909192, 00909192@alunosenai.mt, 1234567891011, SENAI - Nova Mutum/MT, Criado por Jeferson Silva, OU=QUA.415.089 ASSISTENTE DE RECURSOS HUMANOS COM INFORM햀ICA,OU=CURSOS,OU=SENAINMT,OU=SENAI,OU=SFIEMT-EDU,DC=SESISENAIMT,DC=EDU, 9192
LEANDRO SOARES DOS SANTOS, LEANDRO SOARES DOS SANTOS - SENAI - Nova Mutum/MT, LEANDRO, SOARES DOS SANTOS, 00909192, 00909192@alunosenai.mt, 1234567891011, SENAI - Nova Mutum/MT, Criado por Jeferson Silva, OU=QUA.415.089 ASSISTENTE DE RECURSOS HUMANOS COM INFORM햀ICA,OU=CURSOS,OU=SENAINMT,OU=SENAI,OU=SFIEMT-EDU,DC=SESISENAIMT,DC=EDU, 9192
LEANDRO SOARES DOS SANTOS, LEANDRO SOARES DOS SANTOS - SENAI - Nova Mutum/MT, LEANDRO, SOARES DOS SANTOS, 00909192, 00909192@alunosenai.mt, 1234567891011, SENAI - Nova Mutum/MT, Criado por Jeferson Silva, OU=QUA.415.089 ASSISTENTE DE RECURSOS HUMANOS COM INFORM햀ICA,OU=CURSOS,OU=SENAINMT,OU=SENAI,OU=SFIEMT-EDU,DC=SESISENAIMT,DC=EDU, 9192
LEANDRO SOARES DOS SANTOS, LEANDRO SOARES DOS SANTOS - SENAI - Nova Mutum/MT, LEANDRO, SOARES DOS SANTOS, 00909192, 00909192@alunosenai.mt, 1234567891011, SENAI - Nova Mutum/MT, Criado por Jeferson Silva, OU=QUA.415.089 ASSISTENTE DE RECURSOS HUMANOS COM INFORM햀ICA,OU=CURSOS,OU=SENAINMT,OU=SENAI,OU=SFIEMT-EDU,DC=SESISENAIMT,DC=EDU, 9192
LEANDRO SOARES DOS SANTOS, LEANDRO SOARES DOS SANTOS - SENAI - Nova Mutum/MT, LEANDRO, SOARES DOS SANTOS, 00909192, 00909192@alunosenai.mt, 1234567891011, SENAI - Nova Mutum/MT, Criado por Jeferson Silva, OU=QUA.415.089 ASSISTENTE DE RECURSOS HUMANOS COM INFORM햀ICA,OU=CURSOS,OU=SENAINMT,OU=SENAI,OU=SFIEMT-EDU,DC=SESISENAIMT,DC=EDU, 9192
LEANDRO SOARES DOS SANTOS, LEANDRO SOARES DOS SANTOS - SENAI - Nova Mutum/MT, LEANDRO, SOARES DOS SANTOS, 00909192, 00909192@alunosenai.mt, 1234567891011, SENAI - Nova Mutum/MT, Criado por Jeferson Silva, OU=QUA.415.089 ASSISTENTE DE RECURSOS HUMANOS COM INFORM햀ICA,OU=CURSOS,OU=SENAINMT,OU=SENAI,OU=SFIEMT-EDU,DC=SESISENAIMT,DC=EDU, 9192
LEANDRO SOARES DOS SANTOS, LEANDRO SOARES DOS SANTOS - SENAI - Nova Mutum/MT, LEANDRO, SOARES DOS SANTOS, 00909192, 00909192@alunosenai.mt, 1234567891011, SENAI - Nova Mutum/MT, Criado por Jeferson Silva, OU=QUA.415.089 ASSISTENTE DE RECURSOS HUMANOS COM INFORM햀ICA,OU=CURSOS,OU=SENAINMT,OU=SENAI,OU=SFIEMT-EDU,DC=SESISENAIMT,DC=EDU, 9192
LEANDRO SOARES DOS SANTOS, LEANDRO SOARES DOS SANTOS - SENAI - Nova Mutum/MT, LEANDRO, SOARES DOS SANTOS, 00909192, 00909192@alunosenai.mt, 1234567891011, SENAI - Nova Mutum/MT, Criado por Jeferson Silva, OU=QUA.415.089 ASSISTENTE DE RECURSOS HUMANOS COM INFORM햀ICA,OU=CURSOS,OU=SENAINMT,OU=SENAI,OU=SFIEMT-EDU,DC=SESISENAIMT,DC=EDU, 9192
LEANDRO SOARES DOS SANTOS, LEANDRO SOARES DOS SANTOS - SENAI - Nova Mutum/MT, LEANDRO, SOARES DOS SANTOS, 00909192, 00909192@alunosenai.mt, 1234567891011, SENAI - Nova Mutum/MT, Criado por Jeferson Silva, OU=QUA.415.089 ASSISTENTE DE RECURSOS HUMANOS COM INFORM햀ICA,OU=CURSOS,OU=SENAINMT,OU=SENAI,OU=SFIEMT-EDU,DC=SESISENAIMT,DC=EDU, 9192
